week,letter,day,classes,room,lesson,notes,hwk,event,time,break,lunch
1,A,MON,11CS,G4,1,bank hol, ,briefing,0850  0955, , 
1,A,MON,10C3,B8,2,bank hol, , ,0955  1100, , 
1,A,MON,7X2.Ph,B6,3,bank hol, ,break duty,1100  1220,11:00, 
1,A,MON,8X1.Ph,B8,4,bank hol, , ,1220  1355, ,12:50
1,A,MON,11C2,B8,5,PD DAY,*, ,1355  1510, , 
1,A,TUE,10T2,B5,1,PD DAY, , ,0850  0955, , 
1,A,TUE,PPA,-,2,PD DAY, , ,0955  1100, , 
1,A,TUE,PPA,-,3,PD DAY, , ,1100  1220, , 
1,A,TUE,11T2,B8,4,PD DAY, , ,1220  1355, ,13:25
1,A,TUE,7X1.Ph,B8,5,PD DAY, , ,1355  1510, , 
1,A,WED,7Y1.Ph,B8,1,PD DAY, , ,0850  0955, , 
1,A,WED,11T2,B8,2,PD DAY, , ,0955  1100, , 
1,A,WED,PPA,B8,3,PD DAY, , ,1100  1220, , 
1,A,WED,10T2,B3,4,PD DAY, , ,1220  1355, ,12:50
1,A,WED,9Y2.Ph,B3,5,0,*, ,1355  1510, , 
1,A,THU,10CS,G4,1,housekeeping, ,briefing,0850  0955, , 
1,A,THU,10CS,G4,2,introduction to GCSE computer science,*, ,0955  1100, , 
1,A,THU,PPA,-,3,..., , ,1100  1220, , 
1,A,THU,9Y1.CS,B8,4,binary and denary conversions,*, ,1220  1355, ,12:20
1,A,THU,7Y1.CS,B8,5,logging on to O365 and Go4,*, ,1355  1510, , 
1,A,FRI,7X2.Ph,B6,1,Y7 Forces 1, , ,0850  0955, , 
1,A,FRI,10T2,B8,2,introduction to gcse physics,*, ,0955  1100, , 
1,A,FRI,11C2,G4,3,seneca assignment revising electrical circuits, , ,1100  1220,11:40, 
1,A,FRI,11CS,G4,4,outline mock preparations,*, ,1220  1355, ,13:25
1,A,FRI,11CS,G4,5,mock preparation - bridging the gap, , ,1355  1510, , 
2,B,MON,10C3,B8,1,CP1a Vectors and scalars, ,briefing,0850  0955, , 
2,B,MON,11T2,B8,2,outline mock preparation,*, ,0955  1100, , 
2,B,MON,7X1.Ph,B8,3,Y7 Forces 1 ,*, ,1100  1220,11:00, 
2,B,MON,PPA,-,4,..., , ,1220  1355, , 
2,B,MON,10CS,B8,5,Stages of computational thinking, , ,1355  1510, , 
2,B,TUE,10C3,B8,1,CP1b Distance / time graphs, , ,0850  0955, , 
2,B,TUE,9Y1.CS,G4,2,Y9 Aut 1 L2, , ,0955  1100, , 
2,B,TUE,11C2,B8,3,radioactivity seneca assignment, , ,1100  1220,11:40, 
2,B,TUE,11T2,G4,4,mock preparation - bridging the gap, , ,1220  1355, ,13:25
2,B,TUE,8Y1.Ph,B8,5,Space L1 - the night sky, , ,1355  1510, , 
2,B,WED,11C2,B8,1,em spectrum seneca assignment, , ,0850  0955, , 
2,B,WED,10T2,B5,2,SP1a Vectors and Scalars, , ,0955  1100, , 
2,B,WED,9Y2.Ph,B3,3,"motion/press L1 - speed (*stopwatches, metre wheel)", ,break duty,1100  1220,11:00, 
2,B,WED,11CS,G4,4,mock preparation - bridging the gap, , ,1220  1355, ,13:25
2,B,WED,11CS,G4,5,mock preparation - bridging the gap, , ,1355  1510, , 
2,B,THU,8Y1.Ph,B8,1,Space L2 - solar system, ,briefing,0850  0955, , 
2,B,THU,10C3,B8,2,BIO baseline exam,*, ,0955  1100, , 
2,B,THU,10T2,B8,3,"SP1b Distance-time graphs (*metre wheel, stopwatch)", , ,1100  1220,11:20, 
2,B,THU,7Y1.Ph,B5,4,Y7 Forces 1, , ,1220  1355, ,12:20
2,B,THU,8X1.Ph,B3,5,Space L1 - the night sky,*, ,1355  1510, , 
2,B,FRI,PPA,-,1,..., , ,0850  0955, , 
2,B,FRI,11T2,B8,2,seneca assignment - bridging the gap, , ,0955  1100, , 
2,B,FRI,PPA,-,3,..., , ,1100  1220, , 
2,B,FRI,10CS,G4,4,Computational thinking - cup of tea, , ,1220  1355, ,12:50
2,B,FRI,10CS,G4,5,Flowcharts - cup of tea, , ,1355  1510, , 
3,A,MON,11CS,G4,1,social economic impact, ,briefing,0850  0955, , 
3,A,MON,10C3,B8,2,CHEM baseline exam, , ,0955  1100, , 
3,A,MON,7X2.Ph,B6,3,baseline test, ,break duty,1100  1220,11:00, 
3,A,MON,8X1.Ph,B8,4,night sky IT research, , ,1220  1355, ,12:50
3,A,MON,11C2,B8,5,seneca assignment on forces,*, ,1355  1510, , 
3,A,TUE,10T2,B5,1,PHY baseline exam, , ,0850  0955, , 
3,A,TUE,PPA,-,2,..., , ,0955  1100, , 
3,A,TUE,PPA,-,3,..., , ,1100  1220, , 
3,A,TUE,11T2,B8,4,seneca assignment, , ,1220  1355, ,13:25
3,A,TUE,7X1.Ph,B8,5,baseline test, , ,1355  1510, , 
3,A,WED,7Y1.Ph,B8,1,baseline test, , ,0850  0955, , 
3,A,WED,11T2,B8,2,balancing nuclear equations, , ,0955  1100, , 
3,A,WED,PPA,B8,3,mentor AM - MS forms, , ,1100  1220, , 
3,A,WED,10T2,B3,4,SP1c acceleration 1  *trolleys ramps, , ,1220  1355, ,12:50
3,A,WED,9Y2.Ph,B3,5,measuring speed with ramps *stopwatches ramps trolleys,*, ,1355  1510, , 
3,A,THU,10CS,G4,1,Introduction to Seneca, ,briefing,0850  0955, , 
3,A,THU,10CS,G4,2,brenda venda - intro to functions,*, ,0955  1100, , 
3,A,THU,PPA,-,3,..., , ,1100  1220, , 
3,A,THU,9Y1.CS,B8,4,Y9 Autumn 1 Lesson 2 - bits an bytes,*, ,1220  1355, ,12:20
3,A,THU,7Y1.CS,B8,5,Y7 Aut 1 L2 Internet & WWW,*, ,1355  1510, , 
3,A,FRI,7X2.Ph,B6,1,COVER: IT logins, , ,0850  0955, , 
3,A,FRI,10T2,B8,2,COVER: SP1c acceleration 2,*, ,0955  1100, , 
3,A,FRI,11C2,G4,3,COVER: past papers, , ,1100  1220,11:40, 
3,A,FRI,11CS,G4,4,COVER: binary arithmetic,*, ,1220  1355, ,13:25
3,A,FRI,11CS,G4,5,COVER: algorithm challenge, , ,1355  1510, , 
4,B,MON,10C3,B8,1,COVER: acceleration ramps calca, ,briefing,0850  0955, , 
4,B,MON,11T2,B8,2,COVER: Exam Q practice,*, ,0955  1100, , 
4,B,MON,7X1.Ph,B8,3,COVER: stretching and squashing,*, ,1100  1220,11:00, 
4,B,MON,PPA,-,4,..., , ,1220  1355, , 
4,B,MON,10CS,B8,5,COVER: brenda venda functions, , ,1355  1510, , 
4,B,TUE,10C3,B8,1,COVER: acceleration worksheet, , ,0850  0955, , 
4,B,TUE,9Y1.CS,G4,2,COVER: Y9 Aut 1 L3 representing images, , ,0955  1100, , 
4,B,TUE,11C2,B8,3,COVER: revision exam Q, , ,1100  1220,11:40, 
4,B,TUE,11T2,G4,4,COVER: Revision - equations, , ,1220  1355, ,13:25
4,B,TUE,8Y1.Ph,B8,5,COVER: Earth presentation 1, , ,1355  1510, , 
4,B,WED,11C2,B8,1,COVER: Revision - equations, , ,0850  0955, , 
4,B,WED,10T2,B5,2,COVER: SP1c acceleration worksheet, , ,0955  1100, , 
4,B,WED,9Y2.Ph,B3,3,COVER: P2 3.1 Speed, ,break duty,1100  1220,11:00, 
4,B,WED,11CS,G4,4,COVER: exam revision, , ,1220  1355, ,13:25
4,B,WED,11CS,G4,5,COVER: exam revision, , ,1355  1510, , 
4,B,THU,8Y1.Ph,B8,1,COVER: Earth presentation 2, ,briefing,0850  0955, , 
4,B,THU,10C3,B8,2,COVER: book work CP1c acceleration,*, ,0955  1100, , 
4,B,THU,10T2,B8,3,COVER: book work SP1c velocity-time graphs, , ,1100  1220,11:20, 
4,B,THU,7Y1.Ph,B5,4,COVER: book work P1 1.2 stretching and squashing, , ,1220  1355, ,12:20
4,B,THU,8X1.Ph,B3,5,COVER: book work P1 4.3 the earth,*, ,1355  1510, , 
4,B,FRI,PPA,-,1,..., , ,0850  0955, , 
4,B,FRI,11T2,B8,2,"COVER: Revison, Seneca or Past Papers (Go4)", , ,0955  1100, , 
4,B,FRI,PPA,-,3,..., , ,1100  1220, , 
4,B,FRI,10CS,G4,4,COVER: Seneca J277, , ,1220  1355, ,12:50
4,B,FRI,10CS,G4,5,COVER: Coding user authentication and age verification, , ,1355  1510, , 
5,A,MON,11CS,G4,1,COVER: Continue with programming project (Go4), ,briefing,0850  0955, , 
5,A,MON,10C3,B8,2,COVER: Continue with Seneca Forces topic, , ,0955  1100, , 
5,A,MON,7X2.Ph,B6,3,"COVER: Balanced and unbalanced forces, p120-121 Activate 1", ,break duty,1100  1220,11:00, 
5,A,MON,8X1.Ph,B8,4,COVER: Earth presentation 1, , ,1220  1355, ,12:50
5,A,MON,11C2,B8,5,COVER: Continue with past paper questions and Seneca work,*, ,1355  1510, , 
5,A,TUE,10T2,B5,1,"COVER: SP1d p8-9, draw graphs, do questions", , ,0850  0955, , 
5,A,TUE,PPA,-,2,..., , ,0955  1100, , 
5,A,TUE,PPA,-,3,..., , ,1100  1220, , 
5,A,TUE,11T2,B8,4,"COVER: Revision quizzes, task on Go4", , ,1220  1355, ,13:25
5,A,TUE,7X1.Ph,B8,5,COVER: Seneca KS3 science - forces, , ,1355  1510, , 
5,A,WED,7Y1.Ph,B8,1,COVER: Seneca KS3 science - forces, , ,0850  0955, , 
5,A,WED,11T2,B8,2,COVER: Revision links on Go4, , ,0955  1100, , 
5,A,WED,PPA,B8,3,..., , ,1100  1220, , 
5,A,WED,10T2,B3,4,COVER: v-t graphs Felix freefall, , ,1220  1355, ,12:50
5,A,WED,9Y2.Ph,B3,5,MOCK EXAM,*, ,1355  1510, , 
5,A,THU,10CS,G4,1,COVER: Text adventures 1, ,briefing,0850  0955, , 
5,A,THU,10CS,G4,2,COVER: Text adventures 2,*, ,0955  1100, , 
5,A,THU,PPA,-,3,..., , ,1100  1220, , 
5,A,THU,9Y1.CS,B8,4,COVER: Y9 Aut 1 L4 Digital images & video,*, ,1220  1355, ,12:20
5,A,THU,7Y1.CS,B8,5,COVER: Y7 Aut 1 L3 Staying safe online,*, ,1355  1510, , 
5,A,FRI,7X2.Ph,B6,1,"COVER: P1 1.3 Drag Forces & Friction : Activate 1 : p116-117 : Do tasks A-D : Draw particle diagram on p117 : Do questions 1-4, illustrating 4 with pictures", , ,0850  0955, , 
5,A,FRI,10T2,B8,2,COVER: SP2a: Representing Forces - lesson on Go4 ,*, ,0955  1100, , 
5,A,FRI,11C2,G4,3,"COVER: New Seneca assignment on Energy topic, class code lggl2r7jc8 - pupil link on Go4", , ,1100  1220,11:40, 
5,A,FRI,11CS,G4,4,MOCK exam,*, ,1220  1355, ,13:25
5,A,FRI,11CS,G4,5,MOCK exam, , ,1355  1510, , 
6,B,MON,10C3,B8,1,"COVER: Forces - Representing forces, lesson tasks on Go4", ,briefing,0850  0955, , 
6,B,MON,11T2,B8,2,"COVER: Three revision lessons on Work, Energy and Power, posted on Go4.",*, ,0955  1100, , 
6,B,MON,7X1.Ph,B8,3,COVER: Y7 Forces - 'Drag' - lesson on Go4  ,*, ,1100  1220,11:00, 
6,B,MON,PPA,-,4,..., , ,1220  1355, , 
6,B,MON,10CS,B8,5,"COVER: Intoducing algorithms, https://www.bbc.co.uk/bitesize/guides/z22wwmn/revision/1, work through the six pages and then try the test. The, try the psuedocode challenges on the PDF. All links on Go4.", , ,1355  1510, , 
6,B,TUE,10C3,B8,1,"COVER: Newton's First Law , straight and circular motion - lesson on Go4", , ,0850  0955, , 
6,B,TUE,9Y1.CS,G4,2,COVER: Y9 Autumn 1 Lesson 5 - Digital Sound - lesson posted on Go4 , , ,0955  1100, , 
6,B,TUE,11C2,B8,3,"COVER: Revision lessons on Energy, Work and Power - posted on Go4       ", , ,1100  1220,11:40, 
6,B,TUE,11T2,G4,4,COVER: Practice sample exam 6 mark questions on Space - resource on Go4, , ,1220  1355, ,13:25
6,B,TUE,8Y1.Ph,B8,5,COVER: Continue adding to Powerpoint already begun by including information from the Kerboodle Checkpoint revision tasks PDF file which has been posted on Go4, , ,1355  1510, , 
6,B,WED,11C2,B8,1,"COVER: Complete outstanding work on Seneca assignments, referencing Go4 posts if necessary", , ,0850  0955, , 
6,B,WED,10T2,B5,2,"COVER: Newtons First Law - HTML file attached to email, which could be used as a printed worksheet and/or shown on the board by the teacher - A3 paper will be needed", , ,0955  1100, , 
6,B,WED,9Y2.Ph,B3,3,COVER: EoY assessment, ,break duty,1100  1220,11:00, 
6,B,WED,11CS,G4,4,"COVER: Assuming class did exam last Friday, they can do the re-posted work on Go4", , ,1220  1355, ,13:25
6,B,WED,11CS,G4,5,As per last lesson, , ,1355  1510, , 
6,B,THU,8Y1.Ph,B8,1,EoY assessment, ,briefing,0850  0955, , 
6,B,THU,10C3,B8,2,COVER: Newton's Second Law - Lesson with tasks posted on Go4,*, ,0955  1100, , 
6,B,THU,10T2,B8,3,COVER: Newton's Second Law - Lesson with tasks posted on Go4, , ,1100  1220,11:20, 
6,B,THU,7Y1.Ph,B5,4,"P1 1.4 Forces at a Distance, Activate 1 p118-119 - Do tasks A,B,C and Qu 1,2,3 and 4 (with illustrations for 4)", , ,1220  1355, ,12:20
6,B,THU,8X1.Ph,B3,5,EoY assessment,*, ,1355  1510, , 
6,B,FRI,PPA,-,1,..., , ,0850  0955, , 
6,B,FRI,11T2,B8,2,COVER: Revise for mock exam, , ,0955  1100, , 
6,B,FRI,PPA,-,3,..., , ,1100  1220, , 
6,B,FRI,10CS,G4,4,COVER: Exercises on python operators, , ,1220  1355, ,12:50
6,B,FRI,10CS,G4,5,COVER: Copy and adapt code to make a python calculator, , ,1355  1510, , 
7,A,MON,11CS,G4,1,"COVER: Wireless Networks - Week 53, lesson posted on Go4", ,briefing,0850  0955, , 
7,A,MON,10C3,B8,2,COVER: CP2e Newtons Third Law - lesson posted on Go4, , ,0955  1100, , 
7,A,MON,7X2.Ph,B6,3,"P1 1.4 Forces at a Distance, Activate 1 p118-119 - Do tasks A,B,C and Qu 1,2,3 and 4 (with illustrations for 4)", ,break duty,1100  1220,11:00, 
7,A,MON,8X1.Ph,B8,4,COVER: Continue adding to Powerpoint already begun by including information from the Kerboodle checkpoint document re-posted on Go4, , ,1220  1355, ,12:50
7,A,MON,11C2,B8,5,"COVER: USe the graphskills.PDF file posted on Go4. Choose a few questions to work through. Attempt them, before reviewing their answers with the answers and the exeminer comments at the end of the document",*, ,1355  1510, , 
7,A,TUE,10T2,B5,1,COVER: Newtons Third Law - lesson posted on Go4, , ,0850  0955, , 
7,A,TUE,PPA,-,2,..., , ,0955  1100, , 
7,A,TUE,PPA,-,3,..., , ,1100  1220, , 
7,A,TUE,11T2,B8,4,"COVER: USe the graphskills.PDF file posted on Go4. Choose a few questions to work through. Attempt them, before reviewing their nswers with the answers and the examiners comments at the end of the document", , ,1220  1355, ,13:25
7,A,TUE,7X1.Ph,B8,5,"P1 1.4 Forces at a Distance, Activate 1 p118-119 - Do tasks A,B,C and Qu 1,2,3 and 4 (with illustrations for 4)", , ,1355  1510, , 
7,A,WED,7Y1.Ph,B8,1,COVER: Y7 forces - drag : Lesson posted on Go4, , ,0850  0955, , 
7,A,WED,11T2,B8,2,COVER: Exam technique - Exemplar GCSE answers posted on Go4, , ,0955  1100, , 
7,A,WED,PPA,B8,3,..., , ,1100  1220, , 
7,A,WED,10T2,B3,4,COVER: Introduction to momentum - lesson posted on Go4 but class in B3 so HTML file also attached to email for cover teacher to use on the board or as a worksheet, , ,1220  1355, ,12:50
7,A,WED,9Y2.Ph,B3,5,COVER: P2 3.3 Pressure in Gases - HTML file attached to email for teacher to use on board or as worksheet,*, ,1355  1510, , 
7,A,THU,10CS,G4,1,COVER: IF-ELSE lesson posted on Go4 lesson 1/2, ,briefing,0850  0955, , 
7,A,THU,10CS,G4,2,COVER: IF-ELSE lesson posted on Go4 lesson 2/2,*, ,0955  1100, , 
7,A,THU,PPA,-,3,..., , ,1100  1220, , 
7,A,THU,9Y1.CS,B8,4,COVER: Y9 Autumn 1 Lesson 6 - Data Compression - lesson posted on Go4,*, ,1220  1355, ,12:20
7,A,THU,7Y1.CS,B8,5,COVER: Y7 Autumn 1 Lessn 4 - Digital footprint - lesson posted on Go4,*, ,1355  1510, , 
7,A,FRI,7X2.Ph,B6,1,"COVER: P1.3 Drag and Friction, Activate 1, p116-117, Read the pages, then do tasks A-D and Q1-4, with illustrations for 4", , ,0850  0955, , 
7,A,FRI,10T2,B8,2,"COVER: Momentum, conservation of - Collisions and explosions - lesson posted on Go4",*, ,0955  1100, , 
7,A,FRI,11C2,G4,3,COVER: Exam technique - Exemplar GCSE answers posted on Go4 , , ,1100  1220,11:40, 
7,A,FRI,11CS,G4,4,"COVER: SECURING NETWORK DATA 1/2, lesson posted on Go4",*, ,1220  1355, ,13:25
7,A,FRI,11CS,G4,5,"COVER: SECURING NETWORK DATA 2/2, lesson posted on Go4", , ,1355  1510, , 
8,B,MON,10C3,B8,1,COVER: Introduction to Momentum - posted on Go4, ,briefing,0850  0955, , 
8,B,MON,11T2,B8,2,COVER: Magnets and fields - lesson posted on Go4,*, ,0955  1100, , 
8,B,MON,7X1.Ph,B8,3,"COVER - Y7 Forces, Friction - lesson posted on Go4",*, ,1100  1220,11:00, 
8,B,MON,PPA,-,4,..., , ,1220  1355, , 
8,B,MON,10CS,B8,5,"COVER: WHILE loops , lesson posted on Go4", , ,1355  1510, , 
8,B,TUE,10C3,B8,1,"COVER: Momentum, conservation of - Collisions and explosions - lesson posted on Go4", , ,0850  0955, , 
8,B,TUE,9Y1.CS,G4,2,"COVER: Y9 Aut1 assignment on TAW MS O365 Teams - students go to Office365/Teams/Teams/9y1/Cs and see the assessment in the Assignments tab. They can click on the Class Notebook tab, and enter work on the page I created for them there.", , ,0955  1100, , 
8,B,TUE,11C2,B8,3,COVER: Magnets and fields - lesson posted on Go4, , ,1100  1220,11:40, 
8,B,TUE,11T2,G4,4,COVER - Electromagnetism - lesson posted on Go4, , ,1220  1355, ,13:25
8,B,TUE,8Y1.Ph,B8,5,COVER: An extension checkpoint task on the space topic from Kerboodle has been posted on Go4, , ,1355  1510, , 
8,B,WED,11C2,B8,1,COVER - Electromagnetism - lesson posted on Go4 , , ,0850  0955, , 
8,B,WED,10T2,B5,2,COVER: Momentum - Force and time in collisions - lesson attached to email, , ,0955  1100, , 
8,B,WED,9Y2.Ph,B3,3,"P2 3.4 Pressure in Liquids, read p164-165, do tasks A & B, draw diagram at the bottom of p165, complete summary questions 1-3", ,break duty,1100  1220,11:00, 
8,B,WED,11CS,G4,4,COVER: Network protocols and layers - lesson 1/2, , ,1220  1355, ,13:25
8,B,WED,11CS,G4,5,COVER: Network protocols and layers - lesson 2/2, , ,1355  1510, , 
8,B,THU,8Y1.Ph,B8,1,COVER: End of topic test - SPACE, ,briefing,0850  0955, , 
8,B,THU,10C3,B8,2,"COVER: Momentum - force and time in collisions, lesson posted on Go4",*, ,0955  1100, , 
8,B,THU,10T2,B8,3,COVER - Forces / Stopping distances - lesson posted on go4, , ,1100  1220,11:20, 
8,B,THU,7Y1.Ph,B5,4,"COVER - Y7 Forces, Friction - lesson posted on Go4", , ,1220  1355, ,12:20
8,B,THU,8X1.Ph,B3,5,COVER: End of topic test - SPACE,*, ,1355  1510, , 
8,B,FRI,PPA,-,1,..., , ,0850  0955, , 
8,B,FRI,11T2,B8,2,COVER: MS Forms Research tasks posted on Go4 - 'AC vs DC', , ,0955  1100, , 
8,B,FRI,PPA,-,3,..., , ,1100  1220, , 
8,B,FRI,10CS,G4,4,COVER: Python Lists 1/2 - Lesson posted on Go4, , ,1220  1355, ,12:50
8,B,FRI,10CS,G4,5,COVER: Python Lists 2/2 - Lesson posted on Go4, , ,1355  1510, , 
9,A,MON,11CS,G4,1,COVER: Pinging network devices - lesson posted on Go4, ,briefing,0850  0955, , 
9,A,MON,10C3,B8,2,COVER: Stopping distances - lesson posted on Go4, , ,0955  1100, , 
9,A,MON,7X2.Ph,B6,3,COVER: Use the Checkpoint doc attached to email with Activate 1 books to review Forces learning - this can roll over to next lesson, ,break duty,1100  1220,11:00, 
9,A,MON,8X1.Ph,B8,4,"COVER: Perhaps pupils could mark their Space tests, using the mark schemes. Alternatively, they could do a Powerpoint presentation on the plans for a mission to Mars", , ,1220  1355, ,12:50
9,A,MON,11C2,B8,5,COVER: MS Forms 6 mark question tasks on Electric motors - link posted on Go4,*, ,1355  1510, , 
9,A,TUE,10T2,B5,1,"COVER: Physics book, SP2h p28/29. Braking force and work done. Pupils make notes on the equation form the book then try question 3 from the worksheet attached to the email. ", , ,0850  0955, , 
9,A,TUE,PPA,-,2,..., , ,0955  1100, , 
9,A,TUE,PPA,-,3,..., , ,1100  1220, , 
9,A,TUE,11T2,B8,4,COVER: MS Forms 6 mark question tasks on Electric motors - link posted on Go4, , ,1220  1355, ,13:25
9,A,TUE,7X1.Ph,B8,5,COVER: Use the document attached to the email to review learning of the Force topic working through the tasks - this can roll over onto next lessonn, , ,1355  1510, , 
9,A,WED,7Y1.Ph,B8,1,"COVER: Use the document attached to the email to review learning of the Forces topic, using Activate 1 books - this can roll over to next lesson", , ,0850  0955, , 
9,A,WED,11T2,B8,2,COVER: Motor Effect - lesson posted on Go4, , ,0955  1100, , 
9,A,WED,PPA,B8,3,..., , ,1100  1220, , 
9,A,WED,10T2,B3,4,"Use the email attached worksheet. They did Q3 on paper yesterday. Today, try the other questions. They may do plot the graphs on Excel if the cover teacher wants, but should sketch them in their books, and note answers to the questions in the bookss", , ,1220  1355, ,12:50
9,A,WED,9Y2.Ph,B3,5,"COVER: Activate 2, p164-165, P2:3.4, Note learning objectives in book, then look up keywords in bold in the glossary and note their meanings. Draw the dame diagram and do Qu.B. The draw the object/arrow diagram with caption and complete tasks 1,2,and 3. ",*, ,1355  1510, , 
9,A,THU,10CS,G4,1,Tuples 1/2 - lesson posted on Go4, ,briefing,0850  0955, , 
9,A,THU,10CS,G4,2,Tuples 2/2 - lesson posted on Go4,*, ,0955  1100, , 
9,A,THU,PPA,-,3,...., , ,1100  1220, , 
9,A,THU,9Y1.CS,B8,4,COVER: Autumn 2 Lesson 1 - Binary - posted on Go4,*, ,1220  1355, ,12:20
9,A,THU,7Y1.CS,B8,5,COVER: Y7 Autumn Lesson 5 - Social media - posted on Go4,*, ,1355  1510, , 
9,A,FRI,7X2.Ph,B6,1,"COVER: Continue working with the Checkpoint assessment on Forces used last lesson, using Activate 1 books to help - class could sit the test next lesson", , ,0850  0955, , 
9,A,FRI,10T2,B8,2,COVER: Crash Hazards - lesson posted on Go4,*, ,0955  1100, , 
9,A,FRI,11C2,G4,3,Now in temporary collapsed class, , ,1100  1220,11:40, 
9,A,FRI,11CS,G4,4,COVER: Cyber threats 1/2 - lesson on Go4,*, ,1220  1355, ,13:25
9,A,FRI,11CS,G4,5,COVER: Cyber threats 2/2 - lesson on Go4, , ,1355  1510, , 
10,B,MON,10C3,B8,1,collapsed class?, ,briefing,0850  0955, , 
10,B,MON,11T2,B8,2,"COVER: Flux density, lesson on Go4. Pupils go on to do Questions on SP12c.3 worksheets.",*, ,0955  1100, , 
10,B,MON,7X1.Ph,B8,3,"COVER: Continue from last lesson, working on Checkpoint document with Activate 1 books. They can do test next lesson.",*, ,1100  1220,11:00, 
10,B,MON,PPA,-,4,..., , ,1220  1355, , 
10,B,MON,10CS,B8,5,COVER: Lesson on Go4 - python coding  practice, , ,1355  1510, , 
10,B,TUE,10C3,B8,1,collapsed class, , ,0850  0955, , 
10,B,TUE,9Y1.CS,G4,2,COVER: Lesson on Go4 - Logic Gates and Circuits, , ,0955  1100, , 
10,B,TUE,11C2,B8,3,collapsed class, , ,1100  1220,11:40, 
10,B,TUE,11T2,G4,4,"COVER: Transformers, HTML lesson attached to email", , ,1220  1355, ,13:25
10,B,TUE,8Y1.Ph,B8,5,"COVER: P2 1.1 Charging Up, Activate 2, p122-123 - draw atom (p122) and not keyword meanings (atom, proton, electron, neutron, neutal, charge), draw jumper diagram (p123) then answer A & B and do Q1-3", , ,1355  1510, , 
10,B,WED,11C2,B8,1,COVER:  The Motor Effect - lesson on Go4, , ,0850  0955, , 
10,B,WED,10T2,B5,2,COVER: Use books to summarise SP2 on one sheet of A4. They can use Seneca to revise tomorrow. Sit test next week., , ,0955  1100, , 
10,B,WED,9Y2.Ph,B3,3,"P2,3.6, Activate 2 p168-169. Turning forces. Copy seesaw diagram and worked example. Do tasks A-C and Q1-3.", ,break duty,1100  1220,11:00, 
10,B,WED,11CS,G4,4,COVER: Cyber Security 1/2 - Lesson on Go4, , ,1220  1355, ,13:25
10,B,WED,11CS,G4,5,COVER: Cyber Security 2/2 - Lesson on Go4, , ,1355  1510, , 
10,B,THU,8Y1.Ph,B8,1,"COVER: P2, 1.2 Circuits and current, Draw torch picture and circuit diagram next to it. Note keywords in bold and meanings from glossary. Do rasks A & B and Q 1 & 2, then logon to computers and find circuit symbols for: AC power supply, resistor, buzzer, LED, light sensor, battery, thermistor - netly draw symbols in book with decription of component function", ,briefing,0850  0955, , 
10,B,THU,10C3,B8,2,"COVER - Crash Hazards, lesson on Go4",*, ,0955  1100, , 
10,B,THU,10T2,B8,3,"COVER: Join Seneca class, skxqt5q60 and complete assignment 'SP1/SP2 Forces and Motion' - deadline Monday, finish at home if not done in class. Test next week.", , ,1100  1220,11:20, 
10,B,THU,7Y1.Ph,B5,4,"COVER: Continue from last lesson, working on Checkpoint document and using Activate 1 books to review learning on Forces topic - they can do test next lesson", , ,1220  1355, ,12:20
10,B,THU,8X1.Ph,B3,5,"COVER: P2 1.1 Charging Up, Activate 2, p122-123 - draw atom (p122) and note keyword meanings in bold using glossary. Draw jumper diagram and do tasks A & B and Q1-3",*, ,1355  1510, , 
10,B,FRI,PPA,-,1,..., , ,0850  0955, , 
10,B,FRI,11T2,B8,2,cover not required?, , ,0955  1100, , 
10,B,FRI,PPA,-,3,..., , ,1100  1220, , 
10,B,FRI,10CS,G4,4,"COVER: 'Cinema assessment' , Python code. Resources on Go4. 1/2", , ,1220  1355, ,12:50
10,B,FRI,10CS,G4,5,"COVER: 'Cinema assessment' , Python code. Resources on Go4. 2/2", , ,1355  1510, , 
11,A,MON,11CS,G4,1,COVER: Operating systems - lesson on Go4, ,briefing,0850  0955, , 
11,A,MON,10C3,B8,2,"COVER: HWK task (MC 12.1120) on Go4 suggests they are doing the CP1/2 test today, but in case they are not I have posted a link to a Seneca revision assignment on Go4", , ,0955  1100, , 
11,A,MON,7X2.Ph,B6,3,COVER: Test on Forces, ,break duty,1100  1220,11:00, 
11,A,MON,8X1.Ph,B8,4,"COVER: P2, 1.2 Circuits and current, Draw torch picture and circuit diagram alongside. Make note of keywords in BOLD and their meanings from the glossary. Do the tasks and questions on the page spread. When done, pupils can logon and find circuit symbols for common components noting the name, symbol and function of the component in their books. ", , ,1220  1355, ,12:50
11,A,MON,11C2,B8,5,COVER: Transformers - lesson on Go4,*, ,1355  1510, , 
11,A,TUE,10T2,B5,1,COVER: Not sure which class to set cover for here., , ,0850  0955, , 
11,A,TUE,PPA,-,2,..., , ,0955  1100, , 
11,A,TUE,PPA,-,3,..., , ,1100  1220, , 
11,A,TUE,11T2,B8,4,no cover needed?, , ,1220  1355, ,13:25
11,A,TUE,7X1.Ph,B8,5,COVER: Test on Forces topic, , ,1355  1510, , 
11,A,WED,7Y1.Ph,B8,1,COVER: Test on Forces, , ,0850  0955, , 
11,A,WED,11T2,B8,2,no cover required, , ,0955  1100, , 
11,A,WED,PPA,B8,3,..., , ,1100  1220, , 
11,A,WED,10T2,B3,4,no cover required, , ,1220  1355, ,12:50
11,A,WED,9Y2.Ph,B3,5,COVER: Use the attached knowledge organiser with Activate 2 books to make an A4 one page summary of key facts and word meanings in the Motion & Pressure topic ahead of doing the test next lesson,*, ,1355  1510, , 
11,A,THU,10CS,G4,1,"COVER: Numbers and strings, Cinema Assessment solution - lesson posted on Go4 1/2", ,briefing,0850  0955, , 
11,A,THU,10CS,G4,2,"COVER: Numbers and strings, Cinema Assessment solution - lesson posted on Go4 2/2",*, ,0955  1100, , 
11,A,THU,PPA,-,3,..., , ,1100  1220, , 
11,A,THU,9Y1.CS,B8,4,COVER: Binary addition and multiplication - lesson on Go4,*, ,1220  1355, ,12:20
11,A,THU,7Y1.CS,B8,5,COVER: Search engines - lesson on Go4,*, ,1355  1510, , 
11,A,FRI,7X2.Ph,B6,1,"P1 2.1 Waves, Activate 1 p124-125. Make a list of keywords in bold and look up meanings in glossary. Do two half age diagrams, one for transverse waves and another for longitudinal waves. Attempt the questions, p125.", , ,0850  0955, , 
11,A,FRI,10T2,B8,2,no cover required,*, ,0955  1100, , 
11,A,FRI,11C2,G4,3,cover not required ?, , ,1100  1220,11:40, 
11,A,FRI,11CS,G4,4,Assignment set on Teams - Functions of Operating Systems - noted on Go4 1/2,*, ,1220  1355, ,13:25
11,A,FRI,11CS,G4,5,Assignment set on Teams - Functions of Operating Systems - noted on Go4 2/2, , ,1355  1510, , 
12,B,MON,10C3,B8,1,..., ,briefing,0850  0955, , 
12,B,MON,11T2,B8,2,0,*, ,0955  1100, , 
12,B,MON,7X1.Ph,B8,3,"COVER: Activate 1 p124-125 Waves. Make a list of the keywords in bold and look up meanings in glossary. Draw two half page diagrams, one of transverse, other of longitudinal waves. Do questions on p125.",*, ,1100  1220,11:00, 
12,B,MON,PPA,-,4,..., , ,1220  1355, , 
12,B,MON,10CS,B8,5,"COVER: Classwork set on Go4, Senecas assignment on Python coding.", , ,1355  1510, , 
12,B,TUE,10C3,B8,1,.., , ,0850  0955, , 
12,B,TUE,9Y1.CS,G4,2,COVER: lesson on Go4 - Logic gates, , ,0955  1100, , 
12,B,TUE,11C2,B8,3,0, , ,1100  1220,11:40, 
12,B,TUE,11T2,G4,4,0, , ,1220  1355, ,13:25
12,B,TUE,8Y1.Ph,B8,5,"COVER: P2, 1.3 potential difference, p126-127 Activate 2 - read pages and draw diagram on p127. Do Q1&2. Go to https://phet.colorado.edu/sims/html/circuit-construction-kit-dc/latest/circuit-construction-kit-dc_en.html and experiment with building circuits, measuring the voltage for difference components", , ,1355  1510, , 
12,B,WED,11C2,B8,1,0, , ,0850  0955, , 
12,B,WED,10T2,B5,2,0, , ,0955  1100, , 
12,B,WED,9Y2.Ph,B3,3,Complete topic test on Motion & Pressure, ,break duty,1100  1220,11:00, 
12,B,WED,11CS,G4,4,MS Teams Assignment - Ethics and Culture 1/2, , ,1220  1355, ,13:25
12,B,WED,11CS,G4,5,MS Teams Assignment - Ethics and Culture 2/2, , ,1355  1510, , 
12,B,THU,8Y1.Ph,B8,1,"COVER: P2 1.4 Series and parallel, p128-129 - do task A (p128) and draw a diagram of each type of circuit. Do task B using diagram (top p129) to illustrate. Do questions 1-3. Explain whethr cars lights should be series or parellel. Use diagram to illustrate.", ,briefing,0850  0955, , 
12,B,THU,10C3,B8,2,...,*, ,0955  1100, , 
12,B,THU,10T2,B8,3,0, , ,1100  1220,11:20, 
12,B,THU,7Y1.Ph,B5,4,"COVER: Activate 1 p124-125 Waves - make a list of the keywords in bold and look up the word meanings in the glossary. Make two half page diagrams, one for Transverse waves and the other for longitudinal..Do questions on p125.", , ,1220  1355, ,12:20
12,B,THU,8X1.Ph,B3,5,"COVER: P2 1.3 potential difference, Activate 2 p126-127. Read pages and do diagrams p127. Do questions p127. Extension: Create a model for the flow of current and voltage in a simple circuit, explaining/illustrating the ideas",*, ,1355  1510, , 
12,B,FRI,PPA,-,1,..., , ,0850  0955, , 
12,B,FRI,11T2,B8,2,0, , ,0955  1100, , 
12,B,FRI,PPA,-,3,..., , ,1100  1220, , 
12,B,FRI,10CS,G4,4,'MS-DOS' assignment set on Teams 1/2, , ,1220  1355, ,12:50
12,B,FRI,10CS,G4,5,'MS-DOS' assignment set on Teams 2/2, , ,1355  1510, , 
13,A,MON,11CS,G4,1,0, ,briefing,0850  0955, , 
13,A,MON,10C3,B8,2,0, , ,0955  1100, , 
13,A,MON,7X2.Ph,B6,3," Cover: P1 2.2, p126-127 Activate 1 , Sound and energy transfer - Read pages. Note bold keyword meanings using glossary. Do task ' How Fast ' using data from page. Do ' Stormy night ' tasks. Do questions 1-3. Extension: It takes sunlight 8 mins to reach Earth. How many years would sound take to make the same journey?", ,break duty,1100  1220,11:00, 
13,A,MON,8X1.Ph,B8,4,"P2 1.4 Series and parallel, p128-129 - do task A (p128) and draw a diagram of each type of circuit. Do task B using diagram (top p129) to illustrate. Do questions 1-3. Explain whether car lights should be series or parellel. Use diagram to illustrate.'Series and parallel' - ", , ,1220  1355, ,12:50
13,A,MON,11C2,B8,5,0,*, ,1355  1510, , 
13,A,TUE,10T2,B5,1,0, , ,0850  0955, , 
13,A,TUE,PPA,-,2,..., , ,0955  1100, , 
13,A,TUE,PPA,-,3,..., , ,1100  1220, , 
13,A,TUE,11T2,B8,4,0, , ,1220  1355, ,13:25
13,A,TUE,7X1.Ph,B8,5,"Cover: P1 2.2, p126-127 Activate 1 , Sound and energy transfer - Read pages. Note bold keyword meanings using glossary. Do task ' How Fast ' using data from page. Do ' Stormy night ' tasks. Do questions 1-3. Extension: It takes sunlight 8 mins to reach Earth. How many years would sound take to make the same journey?", , ,1355  1510, , 
13,A,WED,7Y1.Ph,B8,1,"Cover: P1 2.2, p126-127 Activate 1 , Sound and energy transfer - Read pages. Note bold keyword meanings using glossary. Do task ' How Fast 'using data from page. Do ' Stormy night 'tasks. Do questions 1-3. Extension: It takes sunlight 8 mins to reach Earth. How many years would sound take to make the same journey?", , ,0850  0955, , 
13,A,WED,11T2,B8,2,0, , ,0955  1100, , 
13,A,WED,PPA,B8,3,0, , ,1100  1220, , 
13,A,WED,10T2,B3,4,0, , ,1220  1355, ,12:50
13,A,WED,9Y2.Ph,B3,5,"First lesson GCSE Physics. Use p286-287 in Combined science text book. Read CP1a pages. Give out copy of CP1a.2 worksheets 'athletc event' Link: https://www.activeteachonline.com/product/view/id/512/page/286/mode/dps?modal=/player/document/id/500536  pupils use information on pages to help them cut and stick labels on picture. Extension - try S1, S2, S3 on p287",*, ,1355  1510, , 
13,A,THU,10CS,G4,1,creating a countdown function - lesson tasks posted on Go4 1/2, ,briefing,0850  0955, , 
13,A,THU,10CS,G4,2,creating a countdown function - lesson tasks posted on Go4 2/2,*, ,0955  1100, , 
13,A,THU,PPA,-,3,..., , ,1100  1220, , 
13,A,THU,9Y1.CS,B8,4,COVER: Lesson on Go4 - Logic flowcharts,*, ,1220  1355, ,12:20
13,A,THU,7Y1.CS,B8,5,COVER: Y7 Autumn Term assessment tasks posted on Go4 (runs till end of term),*, ,1355  1510, , 
13,A,FRI,7X2.Ph,B6,1,"COVER: P1 2.3 Activate 1 p128-129 Loudness and pitch - look up bold keywork                       meanings in glossary and note down, draw 4 waveform diagrams for low/high                       pitch and quiet loud sounds, copy table on p129, do Q1-3", , ,0850  0955, , 
13,A,FRI,10T2,B8,2,...,*, ,0955  1100, , 
13,A,FRI,11C2,G4,3,..., , ,1100  1220,11:40, 
13,A,FRI,11CS,G4,4,"computing legislation, lesson on Go4",*, ,1220  1355, ,13:25
13,A,FRI,11CS,G4,5,"code practice datetime functions, lesson on Go4", , ,1355  1510, , 
14,B,MON,10C3,B8,1,none, ,briefing,0850  0955, , 
14,B,MON,11T2,B8,2,none,*, ,0955  1100, , 
14,B,MON,7X1.Ph,B8,3,"COVER: P1 2.3 Activate 1 p128-129 Loudness and pitch - look up bold keyword meanings in glossary and note down, draw 4 waveform diagrams for low/high pitch and quiet loud sounds, copy table on p129, do Q1-3",*, ,1100  1220,11:00, 
14,B,MON,PPA,-,4,none, , ,1220  1355, , 
14,B,MON,10CS,B8,5,COVER: Python Exercises - lesson on Go4, , ,1355  1510, , 
14,B,TUE,10C3,B8,1,none, , ,0850  0955, , 
14,B,TUE,9Y1.CS,G4,2,COVER: Lesson on Go4 - Making a calculator program, , ,0955  1100, , 
14,B,TUE,11C2,B8,3,none, , ,1100  1220,11:40, 
14,B,TUE,11T2,G4,4,none, , ,1220  1355, ,13:25
14,B,TUE,8Y1.Ph,B8,5,"Cover: P2 1.5 Activate 2 p130-131 Resistance - do tasks A and b and copy the worked example from the top of p131. Then, draw the diagram on p131, showing the marble model of resistance. Do tasks 1-3. Extensions; go to https://www.bbc.co.uk/bitesize/guides/zsfgr82/revision/6 and read pages 6 and 7 before moving on to the test", , ,1355  1510, , 
14,B,WED,11C2,B8,1,none, , ,0850  0955, , 
14,B,WED,10T2,B5,2,none, , ,0955  1100, , 
14,B,WED,9Y2.Ph,B3,3,"COVER: CP1b distance-time graphs. Read the appropriate book pages and work through the attached resource (graph paper required). Extension: complete text book questions. (Sorry, the ActivTeach website server is currently unresponsive so I cannot give a more detailed reference.)", ,break duty,1100  1220,11:00, 
14,B,WED,11CS,G4,4,"COVER: Week 60, Environmental Impact of Technology - lesson on Go4", , ,1220  1355, ,13:25
14,B,WED,11CS,G4,5,COVER: Python coding practice exercises - lesson on Go4, , ,1355  1510, , 
14,B,THU,8Y1.Ph,B8,1,"Cover: Magnets and fields, lesson on Go4", ,briefing,0850  0955, , 
14,B,THU,10C3,B8,2,none,*, ,0955  1100, , 
14,B,THU,10T2,B8,3,none, , ,1100  1220,11:20, 
14,B,THU,7Y1.Ph,B5,4,"COVER: P1 2.3 Activate 1 p128-129 Loudness and pitch - look up bold keyword meanings in glossary and note down, draw 4 waveform diagrams for low/high pitch and quiet loud sounds, copy table on p129, do Q1-3", , ,1220  1355, ,12:20
14,B,THU,8X1.Ph,B3,5,"Cover: P2 1.5 Activate 2 p130-131 Resistance - do tasks A and b and copy the worked example from the top of p131. Then, draw the diagram on p131, showing the marble model of resistance. Do tasks 1-3. Extensions; go to https://www.bbc.co.uk/bitesize/guides/zsfgr82/revision/6 and read pages 6 and 7 before moving on to the test	",*, ,1355  1510, , 
14,B,FRI,PPA,-,1,ppa, , ,0850  0955, , 
14,B,FRI,11T2,B8,2,none, , ,0955  1100, , 
14,B,FRI,PPA,-,3,ppa, , ,1100  1220, , 
14,B,FRI,10CS,G4,4,"COVER: Common algorithms for sorting data - Insertion, Merge, Bubble - lesson on Go4 1/2", , ,1220  1355, ,12:50
14,B,FRI,10CS,G4,5,"COVER: Common algorithms for sorting data - Insertion, Merge, Bubble - lesson on Go4 2/2", , ,1355  1510, , 
15,A,MON,11CS,G4,1,"Cover: Lesson on Go4, multiple choice questions on Systems Architecture", ,briefing,0850  0955, , 
15,A,MON,10C3,B8,2,none, , ,0955  1100, , 
15,A,MON,7X2.Ph,B6,3,"Cover: P1 2.4 Detecting sound, Activate 1, p130-131. Draw a half page diagram of the ear as shown on p130 and label, on the other half list the keywords and describe what each part does. Then, copy the decibel table on p131 and explain how sound is measured. Try questions 1-3.", ,break duty,1100  1220,11:00, 
15,A,MON,8X1.Ph,B8,4,"Cover: Magnets and fields, lesson on Go4	", , ,1220  1355, ,12:50
15,A,MON,11C2,B8,5,none,*, ,1355  1510, , 
15,A,TUE,10T2,B5,1,none, , ,0850  0955, , 
15,A,TUE,PPA,-,2,na, , ,0955  1100, , 
15,A,TUE,PPA,-,3,na, , ,1100  1220, , 
15,A,TUE,11T2,B8,4,none, , ,1220  1355, ,13:25
15,A,TUE,7X1.Ph,B8,5,"Cover: P1 2.4 Detecting sound, Activate 1, p130-131. Draw a half page diagram of the ear as shown on p130 and label, on the other half list the keywords and describe what each part does. Then, copy the decibel table on p131 and explain how sound is measured. Try questions 1-3.	", , ,1355  1510, , 
15,A,WED,7Y1.Ph,B8,1,"Cover: P1 2.4 Detecting sound, Activate 1, p130-131. Draw a half page diagram of the ear as shown on p130 and label, on the other half list the keywords and describe what each part does. Then, copy the decibel table on p131 and explain how sound is measured. Try questions 1-3.", , ,0850  0955, , 
15,A,WED,11T2,B8,2,none, , ,0955  1100, , 
15,A,WED,PPA,B8,3,na, , ,1100  1220, , 
15,A,WED,10T2,B3,4,none, , ,1220  1355, ,12:50
15,A,WED,9Y2.Ph,B3,5,Cover: See attached files to email. Speed of Santa. Pupil calculations from worksheet using speed = distance / time and measurements from the map.,*, ,1355  1510, , 
15,A,THU,10CS,G4,1,Cover: Linear searching algorithms - lesson on Go4, ,briefing,0850  0955, , 
15,A,THU,10CS,G4,2,Cover: Binary searching algorithms - lesson on Go4,*, ,0955  1100, , 
15,A,THU,PPA,-,3,0, , ,1100  1220, , 
15,A,THU,9Y1.CS,B8,4,COVER: Lesson on Go4 - Coding Logic Circuits,*, ,1220  1355, ,12:20
15,A,THU,7Y1.CS,B8,5,COVER: Y7 Autumn Term assessment tasks posted on Go4 (runs till end of term),*, ,1355  1510, , 
15,A,FRI,7X2.Ph,B6,1,"Cover: P1 2.5 Echoes and Ultrasound p132-133 - draw diagram of building and label with distance, time and speed. Describe what reverberations are and explain how they can be reduced. Draw the boat diagram and describe how sonar works. Do tasks A, B, C and questions 1,2,3.", , ,0850  0955, , 
15,A,FRI,10T2,B8,2,none,*, ,0955  1100, , 
15,A,FRI,11C2,G4,3,none, , ,1100  1220,11:40, 
15,A,FRI,11CS,G4,4,"Cover: pupils can look over the revision resources put on Go4 to help them prepare for the mock exam, or use Seneca for revision. ",*, ,1220  1355, ,13:25
15,A,FRI,11CS,G4,5,as above if no early finish, , ,1355  1510, , 
16,B,MON,10C3,B8,1,0, ,briefing,0850  0955, , 
16,B,MON,11T2,B8,2,n.a.,*, ,0955  1100, , 
16,B,MON,7X1.Ph,B8,3,Dist: P1 2.5 Echoes and Ultrasound,*, ,1100  1220,11:00, 
16,B,MON,PPA,-,4,ppa, , ,1220  1355, , 
16,B,MON,10CS,B8,5,Dist: recap Sorting and Searching algorithms, , ,1355  1510, , 
16,B,TUE,10C3,B8,1,0, , ,0850  0955, , 
16,B,TUE,9Y1.CS,G4,2,"Dist: Flowcharts, Y9 Spr1 L1", , ,0955  1100, , 
16,B,TUE,11C2,B8,3,0, , ,1100  1220,11:40, 
16,B,TUE,11T2,G4,4,0, , ,1220  1355, ,13:25
16,B,TUE,8Y1.Ph,B8,5,"Dist: Electromagnets, P2 1.7", , ,1355  1510, , 
16,B,WED,11C2,B8,1,0, , ,0850  0955, , 
16,B,WED,10T2,B5,2,0, , ,0955  1100, , 
16,B,WED,9Y2.Ph,B3,3,0, ,break duty,1100  1220,11:00, 
16,B,WED,11CS,G4,4,Programming project lesson 1, , ,1220  1355, ,13:25
16,B,WED,11CS,G4,5,Programming Project lesson 2, , ,1355  1510, , 
16,B,THU,8Y1.Ph,B8,1,Dist: Using electromagnets, ,briefing,0850  0955, , 
16,B,THU,10C3,B8,2,0,*, ,0955  1100, , 
16,B,THU,10T2,B8,3,0, , ,1100  1220,11:20, 
16,B,THU,7Y1.Ph,B5,4,Dist: P1 2.5 Echoes and Ultrasound, , ,1220  1355, ,12:20
16,B,THU,8X1.Ph,B3,5,Dist: P2 1.7 Electromagnets,*, ,1355  1510, , 
16,B,FRI,PPA,-,1,0, , ,0850  0955, , 
16,B,FRI,11T2,B8,2,0, , ,0955  1100, , 
16,B,FRI,PPA,-,3,0, , ,1100  1220, , 
16,B,FRI,10CS,G4,4,programming challenges 1, , ,1220  1355, ,12:50
16,B,FRI,10CS,G4,5,programming challenges 2, , ,1355  1510, , 
17,A,MON,11CS,G4,1,programming project, ,briefing,0850  0955, , 
17,A,MON,10C3,B8,2,0, , ,0955  1100, , 
17,A,MON,7X2.Ph,B6,3,sound topic checkpoint, ,break duty,1100  1220,11:00, 
17,A,MON,8X1.Ph,B8,4,Using electromagnets, , ,1220  1355, ,12:50
17,A,MON,11C2,B8,5,0,*, ,1355  1510, , 
17,A,TUE,10T2,B5,1,0, , ,0850  0955, , 
17,A,TUE,PPA,-,2,0, , ,0955  1100, , 
17,A,TUE,PPA,-,3,0, , ,1100  1220, , 
17,A,TUE,11T2,B8,4,0, , ,1220  1355, ,13:25
17,A,TUE,7X1.Ph,B8,5,0, , ,1355  1510, , 
17,A,WED,7Y1.Ph,B8,1,0, , ,0850  0955, , 
17,A,WED,11T2,B8,2,0, , ,0955  1100, , 
17,A,WED,PPA,B8,3,0, , ,1100  1220, , 
17,A,WED,10T2,B3,4,0, , ,1220  1355, ,12:50
17,A,WED,9Y2.Ph,B3,5,0,*, ,1355  1510, , 
17,A,THU,10CS,G4,1,0, ,briefing,0850  0955, , 
17,A,THU,10CS,G4,2,0,*, ,0955  1100, , 
17,A,THU,PPA,-,3,0, , ,1100  1220, , 
17,A,THU,9Y1.CS,B8,4,0,*, ,1220  1355, ,12:20
17,A,THU,7Y1.CS,B8,5,0,*, ,1355  1510, , 
17,A,FRI,7X2.Ph,B6,1,0, , ,0850  0955, , 
17,A,FRI,10T2,B8,2,0,*, ,0955  1100, , 
17,A,FRI,11C2,G4,3,0, , ,1100  1220,11:40, 
17,A,FRI,11CS,G4,4,0,*, ,1220  1355, ,13:25
17,A,FRI,11CS,G4,5,0, , ,1355  1510, , 
18,B,MON,10C3,B8,1,0, ,briefing,0850  0955, , 
18,B,MON,11T2,B8,2,0,*, ,0955  1100, , 
18,B,MON,7X1.Ph,B8,3,0,*, ,1100  1220,11:00, 
18,B,MON,PPA,-,4,0, , ,1220  1355, , 
18,B,MON,10CS,B8,5,0, , ,1355  1510, , 
18,B,TUE,10C3,B8,1,0, , ,0850  0955, , 
18,B,TUE,9Y1.CS,G4,2,0, , ,0955  1100, , 
18,B,TUE,11C2,B8,3,0, , ,1100  1220,11:40, 
18,B,TUE,11T2,G4,4,0, , ,1220  1355, ,13:25
18,B,TUE,8Y1.Ph,B8,5,0, , ,1355  1510, , 
18,B,WED,11C2,B8,1,0, , ,0850  0955, , 
18,B,WED,10T2,B5,2,0, , ,0955  1100, , 
18,B,WED,9Y2.Ph,B3,3,0, ,break duty,1100  1220,11:00, 
18,B,WED,11CS,G4,4,0, , ,1220  1355, ,13:25
18,B,WED,11CS,G4,5,0, , ,1355  1510, , 
18,B,THU,8Y1.Ph,B8,1,0, ,briefing,0850  0955, , 
18,B,THU,10C3,B8,2,0,*, ,0955  1100, , 
18,B,THU,10T2,B8,3,0, , ,1100  1220,11:20, 
18,B,THU,7Y1.Ph,B5,4,0, , ,1220  1355, ,12:20
18,B,THU,8X1.Ph,B3,5,0,*, ,1355  1510, , 
18,B,FRI,PPA,-,1,0, , ,0850  0955, , 
18,B,FRI,11T2,B8,2,0, , ,0955  1100, , 
18,B,FRI,PPA,-,3,0, , ,1100  1220, , 
18,B,FRI,10CS,G4,4,0, , ,1220  1355, ,12:50
18,B,FRI,10CS,G4,5,0, , ,1355  1510, , 
19,A,MON,11CS,G4,1,0, ,briefing,0850  0955, , 
19,A,MON,10C3,B8,2,0, , ,0955  1100, , 
19,A,MON,7X2.Ph,B6,3,0, ,break duty,1100  1220,11:00, 
19,A,MON,8X1.Ph,B8,4,0, , ,1220  1355, ,12:50
19,A,MON,11C2,B8,5,0,*, ,1355  1510, , 
19,A,TUE,10T2,B5,1,0, , ,0850  0955, , 
19,A,TUE,PPA,-,2,0, , ,0955  1100, , 
19,A,TUE,PPA,-,3,0, , ,1100  1220, , 
19,A,TUE,11T2,B8,4,0, , ,1220  1355, ,13:25
19,A,TUE,7X1.Ph,B8,5,0, , ,1355  1510, , 
19,A,WED,7Y1.Ph,B8,1,0, , ,0850  0955, , 
19,A,WED,11T2,B8,2,0, , ,0955  1100, , 
19,A,WED,PPA,B8,3,0, , ,1100  1220, , 
19,A,WED,10T2,B3,4,0, , ,1220  1355, ,12:50
19,A,WED,9Y2.Ph,B3,5,0,*, ,1355  1510, , 
19,A,THU,10CS,G4,1,0, ,briefing,0850  0955, , 
19,A,THU,10CS,G4,2,0,*, ,0955  1100, , 
19,A,THU,PPA,-,3,0, , ,1100  1220, , 
19,A,THU,9Y1.CS,B8,4,0,*, ,1220  1355, ,12:20
19,A,THU,7Y1.CS,B8,5,0,*, ,1355  1510, , 
19,A,FRI,7X2.Ph,B6,1,0, , ,0850  0955, , 
19,A,FRI,10T2,B8,2,0,*, ,0955  1100, , 
19,A,FRI,11C2,G4,3,0, , ,1100  1220,11:40, 
19,A,FRI,11CS,G4,4,0,*, ,1220  1355, ,13:25
19,A,FRI,11CS,G4,5,0, , ,1355  1510, , 
20,B,MON,10C3,B8,1,0, ,briefing,0850  0955, , 
20,B,MON,11T2,B8,2,0,*, ,0955  1100, , 
20,B,MON,7X1.Ph,B8,3,0,*, ,1100  1220,11:00, 
20,B,MON,PPA,-,4,0, , ,1220  1355, , 
20,B,MON,10CS,B8,5,0, , ,1355  1510, , 
20,B,TUE,10C3,B8,1,0, , ,0850  0955, , 
20,B,TUE,9Y1.CS,G4,2,0, , ,0955  1100, , 
20,B,TUE,11C2,B8,3,0, , ,1100  1220,11:40, 
20,B,TUE,11T2,G4,4,0, , ,1220  1355, ,13:25
20,B,TUE,8Y1.Ph,B8,5,0, , ,1355  1510, , 
20,B,WED,11C2,B8,1,0, , ,0850  0955, , 
20,B,WED,10T2,B5,2,0, , ,0955  1100, , 
20,B,WED,9Y2.Ph,B3,3,0, ,break duty,1100  1220,11:00, 
20,B,WED,11CS,G4,4,0, , ,1220  1355, ,13:25
20,B,WED,11CS,G4,5,0, , ,1355  1510, , 
20,B,THU,8Y1.Ph,B8,1,0, ,briefing,0850  0955, , 
20,B,THU,10C3,B8,2,0,*, ,0955  1100, , 
20,B,THU,10T2,B8,3,0, , ,1100  1220,11:20, 
20,B,THU,7Y1.Ph,B5,4,0, , ,1220  1355, ,12:20
20,B,THU,8X1.Ph,B3,5,0,*, ,1355  1510, , 
20,B,FRI,PPA,-,1,0, , ,0850  0955, , 
20,B,FRI,11T2,B8,2,0, , ,0955  1100, , 
20,B,FRI,PPA,-,3,0, , ,1100  1220, , 
20,B,FRI,10CS,G4,4,0, , ,1220  1355, ,12:50
20,B,FRI,10CS,G4,5,0, , ,1355  1510, , 
21,A,MON,11CS,G4,1,0, ,briefing,0850  0955, , 
21,A,MON,10C3,B8,2,0, , ,0955  1100, , 
21,A,MON,7X2.Ph,B6,3,0, ,break duty,1100  1220,11:00, 
21,A,MON,8X1.Ph,B8,4,0, , ,1220  1355, ,12:50
21,A,MON,11C2,B8,5,0,*, ,1355  1510, , 
21,A,TUE,10T2,B5,1,0, , ,0850  0955, , 
21,A,TUE,PPA,-,2,0, , ,0955  1100, , 
21,A,TUE,PPA,-,3,0, , ,1100  1220, , 
21,A,TUE,11T2,B8,4,0, , ,1220  1355, ,13:25
21,A,TUE,7X1.Ph,B8,5,0, , ,1355  1510, , 
21,A,WED,7Y1.Ph,B8,1,0, , ,0850  0955, , 
21,A,WED,11T2,B8,2,0, , ,0955  1100, , 
21,A,WED,PPA,B8,3,0, , ,1100  1220, , 
21,A,WED,10T2,B3,4,0, , ,1220  1355, ,12:50
21,A,WED,9Y2.Ph,B3,5,0,*, ,1355  1510, , 
21,A,THU,10CS,G4,1,0, ,briefing,0850  0955, , 
21,A,THU,10CS,G4,2,0,*, ,0955  1100, , 
21,A,THU,PPA,-,3,0, , ,1100  1220, , 
21,A,THU,9Y1.CS,B8,4,0,*, ,1220  1355, ,12:20
21,A,THU,7Y1.CS,B8,5,0,*, ,1355  1510, , 
21,A,FRI,7X2.Ph,B6,1,0, , ,0850  0955, , 
21,A,FRI,10T2,B8,2,0,*, ,0955  1100, , 
21,A,FRI,11C2,G4,3,0, , ,1100  1220,11:40, 
21,A,FRI,11CS,G4,4,0,*, ,1220  1355, ,13:25
21,A,FRI,11CS,G4,5,0, , ,1355  1510, , 
22,B,MON,10C3,B8,1,0, ,briefing,0850  0955, , 
22,B,MON,11T2,B8,2,0,*, ,0955  1100, , 
22,B,MON,7X1.Ph,B8,3,0,*, ,1100  1220,11:00, 
22,B,MON,PPA,-,4,0, , ,1220  1355, , 
22,B,MON,10CS,B8,5,0, , ,1355  1510, , 
22,B,TUE,10C3,B8,1,0, , ,0850  0955, , 
22,B,TUE,9Y1.CS,G4,2,0, , ,0955  1100, , 
22,B,TUE,11C2,B8,3,0, , ,1100  1220,11:40, 
22,B,TUE,11T2,G4,4,0, , ,1220  1355, ,13:25
22,B,TUE,8Y1.Ph,B8,5,0, , ,1355  1510, , 
22,B,WED,11C2,B8,1,0, , ,0850  0955, , 
22,B,WED,10T2,B5,2,0, , ,0955  1100, , 
22,B,WED,9Y2.Ph,B3,3,0, ,break duty,1100  1220,11:00, 
22,B,WED,11CS,G4,4,0, , ,1220  1355, ,13:25
22,B,WED,11CS,G4,5,0, , ,1355  1510, , 
22,B,THU,8Y1.Ph,B8,1,0, ,briefing,0850  0955, , 
22,B,THU,10C3,B8,2,0,*, ,0955  1100, , 
22,B,THU,10T2,B8,3,0, , ,1100  1220,11:20, 
22,B,THU,7Y1.Ph,B5,4,0, , ,1220  1355, ,12:20
22,B,THU,8X1.Ph,B3,5,0,*, ,1355  1510, , 
22,B,FRI,PPA,-,1,0, , ,0850  0955, , 
22,B,FRI,11T2,B8,2,0, , ,0955  1100, , 
22,B,FRI,PPA,-,3,0, , ,1100  1220, , 
22,B,FRI,10CS,G4,4,0, , ,1220  1355, ,12:50
22,B,FRI,10CS,G4,5,0, , ,1355  1510, , 
23,A,MON,11CS,G4,1,0, ,briefing,0850  0955, , 
23,A,MON,10C3,B8,2,0, , ,0955  1100, , 
23,A,MON,7X2.Ph,B6,3,0, ,break duty,1100  1220,11:00, 
23,A,MON,8X1.Ph,B8,4,0, , ,1220  1355, ,12:50
23,A,MON,11C2,B8,5,0,*, ,1355  1510, , 
23,A,TUE,10T2,B5,1,0, , ,0850  0955, , 
23,A,TUE,PPA,-,2,0, , ,0955  1100, , 
23,A,TUE,PPA,-,3,0, , ,1100  1220, , 
23,A,TUE,11T2,B8,4,0, , ,1220  1355, ,13:25
23,A,TUE,7X1.Ph,B8,5,0, , ,1355  1510, , 
23,A,WED,7Y1.Ph,B8,1,0, , ,0850  0955, , 
23,A,WED,11T2,B8,2,0, , ,0955  1100, , 
23,A,WED,PPA,B8,3,0, , ,1100  1220, , 
23,A,WED,10T2,B3,4,0, , ,1220  1355, ,12:50
23,A,WED,9Y2.Ph,B3,5,0,*, ,1355  1510, , 
23,A,THU,10CS,G4,1,0, ,briefing,0850  0955, , 
23,A,THU,10CS,G4,2,0,*, ,0955  1100, , 
23,A,THU,PPA,-,3,0, , ,1100  1220, , 
23,A,THU,9Y1.CS,B8,4,0,*, ,1220  1355, ,12:20
23,A,THU,7Y1.CS,B8,5,0,*, ,1355  1510, , 
23,A,FRI,7X2.Ph,B6,1,0, , ,0850  0955, , 
23,A,FRI,10T2,B8,2,0,*, ,0955  1100, , 
23,A,FRI,11C2,G4,3,0, , ,1100  1220,11:40, 
23,A,FRI,11CS,G4,4,0,*, ,1220  1355, ,13:25
23,A,FRI,11CS,G4,5,0, , ,1355  1510, , 
24,B,MON,10C3,B8,1,0, ,briefing,0850  0955, , 
24,B,MON,11T2,B8,2,0,*, ,0955  1100, , 
24,B,MON,7X1.Ph,B8,3,0,*, ,1100  1220,11:00, 
24,B,MON,PPA,-,4,0, , ,1220  1355, , 
24,B,MON,10CS,B8,5,0, , ,1355  1510, , 
24,B,TUE,10C3,B8,1,0, , ,0850  0955, , 
24,B,TUE,9Y1.CS,G4,2,0, , ,0955  1100, , 
24,B,TUE,11C2,B8,3,0, , ,1100  1220,11:40, 
24,B,TUE,11T2,G4,4,0, , ,1220  1355, ,13:25
24,B,TUE,8Y1.Ph,B8,5,0, , ,1355  1510, , 
24,B,WED,11C2,B8,1,0, , ,0850  0955, , 
24,B,WED,10T2,B5,2,0, , ,0955  1100, , 
24,B,WED,9Y2.Ph,B3,3,0, ,break duty,1100  1220,11:00, 
24,B,WED,11CS,G4,4,0, , ,1220  1355, ,13:25
24,B,WED,11CS,G4,5,0, , ,1355  1510, , 
24,B,THU,8Y1.Ph,B8,1,0, ,briefing,0850  0955, , 
24,B,THU,10C3,B8,2,0,*, ,0955  1100, , 
24,B,THU,10T2,B8,3,0, , ,1100  1220,11:20, 
24,B,THU,7Y1.Ph,B5,4,0, , ,1220  1355, ,12:20
24,B,THU,8X1.Ph,B3,5,0,*, ,1355  1510, , 
24,B,FRI,PPA,-,1,0, , ,0850  0955, , 
24,B,FRI,11T2,B8,2,0, , ,0955  1100, , 
24,B,FRI,PPA,-,3,0, , ,1100  1220, , 
24,B,FRI,10CS,G4,4,0, , ,1220  1355, ,12:50
24,B,FRI,10CS,G4,5,0, , ,1355  1510, , 
25,A,MON,11CS,G4,1,0, ,briefing,0850  0955, , 
25,A,MON,10C3,B8,2,0, , ,0955  1100, , 
25,A,MON,7X2.Ph,B6,3,0, ,break duty,1100  1220,11:00, 
25,A,MON,8X1.Ph,B8,4,0, , ,1220  1355, ,12:50
25,A,MON,11C2,B8,5,0,*, ,1355  1510, , 
25,A,TUE,10T2,B5,1,0, , ,0850  0955, , 
25,A,TUE,PPA,-,2,0, , ,0955  1100, , 
25,A,TUE,PPA,-,3,0, , ,1100  1220, , 
25,A,TUE,11T2,B8,4,0, , ,1220  1355, ,13:25
25,A,TUE,7X1.Ph,B8,5,0, , ,1355  1510, , 
25,A,WED,7Y1.Ph,B8,1,0, , ,0850  0955, , 
25,A,WED,11T2,B8,2,0, , ,0955  1100, , 
25,A,WED,PPA,B8,3,0, , ,1100  1220, , 
25,A,WED,10T2,B3,4,0, , ,1220  1355, ,12:50
25,A,WED,9Y2.Ph,B3,5,0,*, ,1355  1510, , 
25,A,THU,10CS,G4,1,0, ,briefing,0850  0955, , 
25,A,THU,10CS,G4,2,0,*, ,0955  1100, , 
25,A,THU,PPA,-,3,0, , ,1100  1220, , 
25,A,THU,9Y1.CS,B8,4,0,*, ,1220  1355, ,12:20
25,A,THU,7Y1.CS,B8,5,0,*, ,1355  1510, , 
25,A,FRI,7X2.Ph,B6,1,0, , ,0850  0955, , 
25,A,FRI,10T2,B8,2,0,*, ,0955  1100, , 
25,A,FRI,11C2,G4,3,0, , ,1100  1220,11:40, 
25,A,FRI,11CS,G4,4,0,*, ,1220  1355, ,13:25
25,A,FRI,11CS,G4,5,0, , ,1355  1510, , 
26,B,MON,10C3,B8,1,0, ,briefing,0850  0955, , 
26,B,MON,11T2,B8,2,0,*, ,0955  1100, , 
26,B,MON,7X1.Ph,B8,3,0,*, ,1100  1220,11:00, 
26,B,MON,PPA,-,4,0, , ,1220  1355, , 
26,B,MON,10CS,B8,5,0, , ,1355  1510, , 
26,B,TUE,10C3,B8,1,0, , ,0850  0955, , 
26,B,TUE,9Y1.CS,G4,2,0, , ,0955  1100, , 
26,B,TUE,11C2,B8,3,0, , ,1100  1220,11:40, 
26,B,TUE,11T2,G4,4,0, , ,1220  1355, ,13:25
26,B,TUE,8Y1.Ph,B8,5,0, , ,1355  1510, , 
26,B,WED,11C2,B8,1,0, , ,0850  0955, , 
26,B,WED,10T2,B5,2,0, , ,0955  1100, , 
26,B,WED,9Y2.Ph,B3,3,0, ,break duty,1100  1220,11:00, 
26,B,WED,11CS,G4,4,0, , ,1220  1355, ,13:25
26,B,WED,11CS,G4,5,0, , ,1355  1510, , 
26,B,THU,8Y1.Ph,B8,1,0, ,briefing,0850  0955, , 
26,B,THU,10C3,B8,2,0,*, ,0955  1100, , 
26,B,THU,10T2,B8,3,0, , ,1100  1220,11:20, 
26,B,THU,7Y1.Ph,B5,4,0, , ,1220  1355, ,12:20
26,B,THU,8X1.Ph,B3,5,0,*, ,1355  1510, , 
26,B,FRI,PPA,-,1,0, , ,0850  0955, , 
26,B,FRI,11T2,B8,2,0, , ,0955  1100, , 
26,B,FRI,PPA,-,3,0, , ,1100  1220, , 
26,B,FRI,10CS,G4,4,0, , ,1220  1355, ,12:50
26,B,FRI,10CS,G4,5,0, , ,1355  1510, , 
27,A,MON,11CS,G4,1,0, ,briefing,0850  0955, , 
27,A,MON,10C3,B8,2,0, , ,0955  1100, , 
27,A,MON,7X2.Ph,B6,3,0, ,break duty,1100  1220,11:00, 
27,A,MON,8X1.Ph,B8,4,0, , ,1220  1355, ,12:50
27,A,MON,11C2,B8,5,0,*, ,1355  1510, , 
27,A,TUE,10T2,B5,1,0, , ,0850  0955, , 
27,A,TUE,PPA,-,2,0, , ,0955  1100, , 
27,A,TUE,PPA,-,3,0, , ,1100  1220, , 
27,A,TUE,11T2,B8,4,0, , ,1220  1355, ,13:25
27,A,TUE,7X1.Ph,B8,5,0, , ,1355  1510, , 
27,A,WED,7Y1.Ph,B8,1,0, , ,0850  0955, , 
27,A,WED,11T2,B8,2,0, , ,0955  1100, , 
27,A,WED,PPA,B8,3,0, , ,1100  1220, , 
27,A,WED,10T2,B3,4,0, , ,1220  1355, ,12:50
27,A,WED,9Y2.Ph,B3,5,0,*, ,1355  1510, , 
27,A,THU,10CS,G4,1,0, ,briefing,0850  0955, , 
27,A,THU,10CS,G4,2,0,*, ,0955  1100, , 
27,A,THU,PPA,-,3,0, , ,1100  1220, , 
27,A,THU,9Y1.CS,B8,4,0,*, ,1220  1355, ,12:20
27,A,THU,7Y1.CS,B8,5,0,*, ,1355  1510, , 
27,A,FRI,7X2.Ph,B6,1,0, , ,0850  0955, , 
27,A,FRI,10T2,B8,2,0,*, ,0955  1100, , 
27,A,FRI,11C2,G4,3,0, , ,1100  1220,11:40, 
27,A,FRI,11CS,G4,4,0,*, ,1220  1355, ,13:25
27,A,FRI,11CS,G4,5,0, , ,1355  1510, , 
28,B,MON,10C3,B8,1,0, ,briefing,0850  0955, , 
28,B,MON,11T2,B8,2,0,*, ,0955  1100, , 
28,B,MON,7X1.Ph,B8,3,0,*, ,1100  1220,11:00, 
28,B,MON,PPA,-,4,0, , ,1220  1355, , 
28,B,MON,10CS,B8,5,0, , ,1355  1510, , 
28,B,TUE,10C3,B8,1,0, , ,0850  0955, , 
28,B,TUE,9Y1.CS,G4,2,0, , ,0955  1100, , 
28,B,TUE,11C2,B8,3,0, , ,1100  1220,11:40, 
28,B,TUE,11T2,G4,4,0, , ,1220  1355, ,13:25
28,B,TUE,8Y1.Ph,B8,5,0, , ,1355  1510, , 
28,B,WED,11C2,B8,1,0, , ,0850  0955, , 
28,B,WED,10T2,B5,2,0, , ,0955  1100, , 
28,B,WED,9Y2.Ph,B3,3,0, ,break duty,1100  1220,11:00, 
28,B,WED,11CS,G4,4,0, , ,1220  1355, ,13:25
28,B,WED,11CS,G4,5,0, , ,1355  1510, , 
28,B,THU,8Y1.Ph,B8,1,0, ,briefing,0850  0955, , 
28,B,THU,10C3,B8,2,0,*, ,0955  1100, , 
28,B,THU,10T2,B8,3,0, , ,1100  1220,11:20, 
28,B,THU,7Y1.Ph,B5,4,0, , ,1220  1355, ,12:20
28,B,THU,8X1.Ph,B3,5,0,*, ,1355  1510, , 
28,B,FRI,PPA,-,1,0, , ,0850  0955, , 
28,B,FRI,11T2,B8,2,0, , ,0955  1100, , 
28,B,FRI,PPA,-,3,0, , ,1100  1220, , 
28,B,FRI,10CS,G4,4,0, , ,1220  1355, ,12:50
28,B,FRI,10CS,G4,5,0, , ,1355  1510, , 
29,A,MON,11CS,G4,1,0, ,briefing,0850  0955, , 
29,A,MON,10C3,B8,2,0, , ,0955  1100, , 
29,A,MON,7X2.Ph,B6,3,0, ,break duty,1100  1220,11:00, 
29,A,MON,8X1.Ph,B8,4,0, , ,1220  1355, ,12:50
29,A,MON,11C2,B8,5,0,*, ,1355  1510, , 
29,A,TUE,10T2,B5,1,0, , ,0850  0955, , 
29,A,TUE,PPA,-,2,0, , ,0955  1100, , 
29,A,TUE,PPA,-,3,0, , ,1100  1220, , 
29,A,TUE,11T2,B8,4,0, , ,1220  1355, ,13:25
29,A,TUE,7X1.Ph,B8,5,0, , ,1355  1510, , 
29,A,WED,7Y1.Ph,B8,1,0, , ,0850  0955, , 
29,A,WED,11T2,B8,2,0, , ,0955  1100, , 
29,A,WED,PPA,B8,3,0, , ,1100  1220, , 
29,A,WED,10T2,B3,4,0, , ,1220  1355, ,12:50
29,A,WED,9Y2.Ph,B3,5,0,*, ,1355  1510, , 
29,A,THU,10CS,G4,1,0, ,briefing,0850  0955, , 
29,A,THU,10CS,G4,2,0,*, ,0955  1100, , 
29,A,THU,PPA,-,3,0, , ,1100  1220, , 
29,A,THU,9Y1.CS,B8,4,0,*, ,1220  1355, ,12:20
29,A,THU,7Y1.CS,B8,5,0,*, ,1355  1510, , 
29,A,FRI,7X2.Ph,B6,1,0, , ,0850  0955, , 
29,A,FRI,10T2,B8,2,0,*, ,0955  1100, , 
29,A,FRI,11C2,G4,3,0, , ,1100  1220,11:40, 
29,A,FRI,11CS,G4,4,0,*, ,1220  1355, ,13:25
29,A,FRI,11CS,G4,5,0, , ,1355  1510, , 
31,A,MON,10C3,B8,1,0, ,briefing,0850  0955, , 
31,A,MON,11T2,B8,2,0,*, ,0955  1100, , 
31,A,MON,7X1.Ph,B8,3,0,*, ,1100  1220,11:00, 
31,A,MON,PPA,-,4,0, , ,1220  1355, , 
31,A,MON,10CS,B8,5,0, , ,1355  1510, , 
31,A,TUE,10C3,B8,1,0, , ,0850  0955, , 
31,A,TUE,9Y1.CS,G4,2,0, , ,0955  1100, , 
31,A,TUE,11C2,B8,3,0, , ,1100  1220,11:40, 
31,A,TUE,11T2,G4,4,0, , ,1220  1355, ,13:25
31,A,TUE,8Y1.Ph,B8,5,0, , ,1355  1510, , 
31,A,WED,11C2,B8,1,0, , ,0850  0955, , 
31,A,WED,10T2,B5,2,0, , ,0955  1100, , 
31,A,WED,9Y2.Ph,B3,3,0, ,break duty,1100  1220,11:00, 
31,A,WED,11CS,G4,4,0, , ,1220  1355, ,13:25
31,A,WED,11CS,G4,5,0, , ,1355  1510, , 
31,A,THU,8Y1.Ph,B8,1,0, ,briefing,0850  0955, , 
31,A,THU,10C3,B8,2,0,*, ,0955  1100, , 
31,A,THU,10T2,B8,3,0, , ,1100  1220,11:20, 
31,A,THU,7Y1.Ph,B5,4,0, , ,1220  1355, ,12:20
31,A,THU,8X1.Ph,B3,5,0,*, ,1355  1510, , 
31,A,FRI,PPA,-,1,0, , ,0850  0955, , 
31,A,FRI,11T2,B8,2,0, , ,0955  1100, , 
31,A,FRI,PPA,-,3,0, , ,1100  1220, , 
31,A,FRI,10CS,G4,4,0, , ,1220  1355, ,12:50
31,A,FRI,10CS,G4,5,0, , ,1355  1510, , 
32,B,MON,11CS,G4,1,0, ,briefing,0850  0955, , 
32,B,MON,10C3,B8,2,0, , ,0955  1100, , 
32,B,MON,7X2.Ph,B6,3,0, ,break duty,1100  1220,11:00, 
32,B,MON,8X1.Ph,B8,4,0, , ,1220  1355, ,12:50
32,B,MON,11C2,B8,5,0,*, ,1355  1510, , 
32,B,TUE,10T2,B5,1,0, , ,0850  0955, , 
32,B,TUE,PPA,-,2,0, , ,0955  1100, , 
32,B,TUE,PPA,-,3,0, , ,1100  1220, , 
32,B,TUE,11T2,B8,4,0, , ,1220  1355, ,13:25
32,B,TUE,7X1.Ph,B8,5,0, , ,1355  1510, , 
32,B,WED,7Y1.Ph,B8,1,0, , ,0850  0955, , 
32,B,WED,11T2,B8,2,0, , ,0955  1100, , 
32,B,WED,PPA,B8,3,0, , ,1100  1220, , 
32,B,WED,10T2,B3,4,0, , ,1220  1355, ,12:50
32,B,WED,9Y2.Ph,B3,5,0,*, ,1355  1510, , 
32,B,THU,10CS,G4,1,0, ,briefing,0850  0955, , 
32,B,THU,10CS,G4,2,0,*, ,0955  1100, , 
32,B,THU,PPA,-,3,0, , ,1100  1220, , 
32,B,THU,9Y1.CS,B8,4,0,*, ,1220  1355, ,12:20
32,B,THU,7Y1.CS,B8,5,0,*, ,1355  1510, , 
32,B,FRI,7X2.Ph,B6,1,0, , ,0850  0955, , 
32,B,FRI,10T2,B8,2,0,*, ,0955  1100, , 
32,B,FRI,11C2,G4,3,0, , ,1100  1220,11:40, 
32,B,FRI,11CS,G4,4,0,*, ,1220  1355, ,13:25
32,B,FRI,11CS,G4,5,0, , ,1355  1510, , 
33,A,MON,10C3,B8,1,0, ,briefing,0850  0955, , 
33,A,MON,11T2,B8,2,0,*, ,0955  1100, , 
33,A,MON,7X1.Ph,B8,3,0,*, ,1100  1220,11:00, 
33,A,MON,PPA,-,4,0, , ,1220  1355, , 
33,A,MON,10CS,B8,5,0, , ,1355  1510, , 
33,A,TUE,10C3,B8,1,0, , ,0850  0955, , 
33,A,TUE,9Y1.CS,G4,2,0, , ,0955  1100, , 
33,A,TUE,11C2,B8,3,0, , ,1100  1220,11:40, 
33,A,TUE,11T2,G4,4,0, , ,1220  1355, ,13:25
33,A,TUE,8Y1.Ph,B8,5,0, , ,1355  1510, , 
33,A,WED,11C2,B8,1,0, , ,0850  0955, , 
33,A,WED,10T2,B5,2,0, , ,0955  1100, , 
33,A,WED,9Y2.Ph,B3,3,0, ,break duty,1100  1220,11:00, 
33,A,WED,11CS,G4,4,0, , ,1220  1355, ,13:25
33,A,WED,11CS,G4,5,0, , ,1355  1510, , 
33,A,THU,8Y1.Ph,B8,1,0, ,briefing,0850  0955, , 
33,A,THU,10C3,B8,2,0,*, ,0955  1100, , 
33,A,THU,10T2,B8,3,0, , ,1100  1220,11:20, 
33,A,THU,7Y1.Ph,B5,4,0, , ,1220  1355, ,12:20
33,A,THU,8X1.Ph,B3,5,0,*, ,1355  1510, , 
33,A,FRI,PPA,-,1,0, , ,0850  0955, , 
33,A,FRI,11T2,B8,2,0, , ,0955  1100, , 
33,A,FRI,PPA,-,3,0, , ,1100  1220, , 
33,A,FRI,10CS,G4,4,0, , ,1220  1355, ,12:50
33,A,FRI,10CS,G4,5,0, , ,1355  1510, , 
34,B,MON,11CS,G4,1,0, ,briefing,0850  0955, , 
34,B,MON,10C3,B8,2,0, , ,0955  1100, , 
34,B,MON,7X2.Ph,B6,3,0, ,break duty,1100  1220,11:00, 
34,B,MON,8X1.Ph,B8,4,0, , ,1220  1355, ,12:50
34,B,MON,11C2,B8,5,0,*, ,1355  1510, , 
34,B,TUE,10T2,B5,1,0, , ,0850  0955, , 
34,B,TUE,PPA,-,2,0, , ,0955  1100, , 
34,B,TUE,PPA,-,3,0, , ,1100  1220, , 
34,B,TUE,11T2,B8,4,0, , ,1220  1355, ,13:25
34,B,TUE,7X1.Ph,B8,5,0, , ,1355  1510, , 
34,B,WED,7Y1.Ph,B8,1,0, , ,0850  0955, , 
34,B,WED,11T2,B8,2,0, , ,0955  1100, , 
34,B,WED,PPA,B8,3,0, , ,1100  1220, , 
34,B,WED,10T2,B3,4,0, , ,1220  1355, ,12:50
34,B,WED,9Y2.Ph,B3,5,0,*, ,1355  1510, , 
34,B,THU,10CS,G4,1,0, ,briefing,0850  0955, , 
34,B,THU,10CS,G4,2,0,*, ,0955  1100, , 
34,B,THU,PPA,-,3,0, , ,1100  1220, , 
34,B,THU,9Y1.CS,B8,4,0,*, ,1220  1355, ,12:20
34,B,THU,7Y1.CS,B8,5,0,*, ,1355  1510, , 
34,B,FRI,7X2.Ph,B6,1,0, , ,0850  0955, , 
34,B,FRI,10T2,B8,2,0,*, ,0955  1100, , 
34,B,FRI,11C2,G4,3,0, , ,1100  1220,11:40, 
34,B,FRI,11CS,G4,4,0,*, ,1220  1355, ,13:25
34,B,FRI,11CS,G4,5,0, , ,1355  1510, , 
35,A,MON,10C3,B8,1,0, ,briefing,0850  0955, , 
35,A,MON,11T2,B8,2,0,*, ,0955  1100, , 
35,A,MON,7X1.Ph,B8,3,0,*, ,1100  1220,11:00, 
35,A,MON,PPA,-,4,0, , ,1220  1355, , 
35,A,MON,10CS,B8,5,0, , ,1355  1510, , 
35,A,TUE,10C3,B8,1,0, , ,0850  0955, , 
35,A,TUE,9Y1.CS,G4,2,0, , ,0955  1100, , 
35,A,TUE,11C2,B8,3,0, , ,1100  1220,11:40, 
35,A,TUE,11T2,G4,4,0, , ,1220  1355, ,13:25
35,A,TUE,8Y1.Ph,B8,5,0, , ,1355  1510, , 
35,A,WED,11C2,B8,1,0, , ,0850  0955, , 
35,A,WED,10T2,B5,2,0, , ,0955  1100, , 
35,A,WED,9Y2.Ph,B3,3,0, ,break duty,1100  1220,11:00, 
35,A,WED,11CS,G4,4,0, , ,1220  1355, ,13:25
35,A,WED,11CS,G4,5,0, , ,1355  1510, , 
35,A,THU,8Y1.Ph,B8,1,0, ,briefing,0850  0955, , 
35,A,THU,10C3,B8,2,0,*, ,0955  1100, , 
35,A,THU,10T2,B8,3,0, , ,1100  1220,11:20, 
35,A,THU,7Y1.Ph,B5,4,0, , ,1220  1355, ,12:20
35,A,THU,8X1.Ph,B3,5,0,*, ,1355  1510, , 
35,A,FRI,PPA,-,1,0, , ,0850  0955, , 
35,A,FRI,11T2,B8,2,0, , ,0955  1100, , 
35,A,FRI,PPA,-,3,0, , ,1100  1220, , 
35,A,FRI,10CS,G4,4,0, , ,1220  1355, ,12:50
35,A,FRI,10CS,G4,5,0, , ,1355  1510, , 
36,B,MON,11CS,G4,1,0, ,briefing,0850  0955, , 
36,B,MON,10C3,B8,2,0, , ,0955  1100, , 
36,B,MON,7X2.Ph,B6,3,0, ,break duty,1100  1220,11:00, 
36,B,MON,8X1.Ph,B8,4,0, , ,1220  1355, ,12:50
36,B,MON,11C2,B8,5,0,*, ,1355  1510, , 
36,B,TUE,10T2,B5,1,0, , ,0850  0955, , 
36,B,TUE,PPA,-,2,0, , ,0955  1100, , 
36,B,TUE,PPA,-,3,0, , ,1100  1220, , 
36,B,TUE,11T2,B8,4,0, , ,1220  1355, ,13:25
36,B,TUE,7X1.Ph,B8,5,0, , ,1355  1510, , 
36,B,WED,7Y1.Ph,B8,1,0, , ,0850  0955, , 
36,B,WED,11T2,B8,2,0, , ,0955  1100, , 
36,B,WED,PPA,B8,3,0, , ,1100  1220, , 
36,B,WED,10T2,B3,4,0, , ,1220  1355, ,12:50
36,B,WED,9Y2.Ph,B3,5,0,*, ,1355  1510, , 
36,B,THU,10CS,G4,1,0, ,briefing,0850  0955, , 
36,B,THU,10CS,G4,2,0,*, ,0955  1100, , 
36,B,THU,PPA,-,3,0, , ,1100  1220, , 
36,B,THU,9Y1.CS,B8,4,0,*, ,1220  1355, ,12:20
36,B,THU,7Y1.CS,B8,5,0,*, ,1355  1510, , 
36,B,FRI,7X2.Ph,B6,1,0, , ,0850  0955, , 
36,B,FRI,10T2,B8,2,0,*, ,0955  1100, , 
36,B,FRI,11C2,G4,3,0, , ,1100  1220,11:40, 
36,B,FRI,11CS,G4,4,0,*, ,1220  1355, ,13:25
36,B,FRI,11CS,G4,5,0, , ,1355  1510, , 
37,A,MON,10C3,B8,1,0, ,briefing,0850  0955, , 
37,A,MON,11T2,B8,2,0,*, ,0955  1100, , 
37,A,MON,7X1.Ph,B8,3,0,*, ,1100  1220,11:00, 
37,A,MON,PPA,-,4,0, , ,1220  1355, , 
37,A,MON,10CS,B8,5,0, , ,1355  1510, , 
37,A,TUE,10C3,B8,1,0, , ,0850  0955, , 
37,A,TUE,9Y1.CS,G4,2,0, , ,0955  1100, , 
37,A,TUE,11C2,B8,3,0, , ,1100  1220,11:40, 
37,A,TUE,11T2,G4,4,0, , ,1220  1355, ,13:25
37,A,TUE,8Y1.Ph,B8,5,0, , ,1355  1510, , 
37,A,WED,11C2,B8,1,0, , ,0850  0955, , 
37,A,WED,10T2,B5,2,0, , ,0955  1100, , 
37,A,WED,9Y2.Ph,B3,3,0, ,break duty,1100  1220,11:00, 
37,A,WED,11CS,G4,4,0, , ,1220  1355, ,13:25
37,A,WED,11CS,G4,5,0, , ,1355  1510, , 
37,A,THU,8Y1.Ph,B8,1,0, ,briefing,0850  0955, , 
37,A,THU,10C3,B8,2,0,*, ,0955  1100, , 
37,A,THU,10T2,B8,3,0, , ,1100  1220,11:20, 
37,A,THU,7Y1.Ph,B5,4,0, , ,1220  1355, ,12:20
37,A,THU,8X1.Ph,B3,5,0,*, ,1355  1510, , 
37,A,FRI,PPA,-,1,0, , ,0850  0955, , 
37,A,FRI,11T2,B8,2,0, , ,0955  1100, , 
37,A,FRI,PPA,-,3,0, , ,1100  1220, , 
37,A,FRI,10CS,G4,4,0, , ,1220  1355, ,12:50
37,A,FRI,10CS,G4,5,0, , ,1355  1510, , 
38,B,MON,11CS,G4,1,0, ,briefing,0850  0955, , 
38,B,MON,10C3,B8,2,0, , ,0955  1100, , 
38,B,MON,7X2.Ph,B6,3,0, ,break duty,1100  1220,11:00, 
38,B,MON,8X1.Ph,B8,4,0, , ,1220  1355, ,12:50
38,B,MON,11C2,B8,5,0,*, ,1355  1510, , 
38,B,TUE,10T2,B5,1,0, , ,0850  0955, , 
38,B,TUE,PPA,-,2,0, , ,0955  1100, , 
38,B,TUE,PPA,-,3,0, , ,1100  1220, , 
38,B,TUE,11T2,B8,4,0, , ,1220  1355, ,13:25
38,B,TUE,7X1.Ph,B8,5,0, , ,1355  1510, , 
38,B,WED,7Y1.Ph,B8,1,0, , ,0850  0955, , 
38,B,WED,11T2,B8,2,0, , ,0955  1100, , 
38,B,WED,PPA,B8,3,0, , ,1100  1220, , 
38,B,WED,10T2,B3,4,0, , ,1220  1355, ,12:50
38,B,WED,9Y2.Ph,B3,5,0,*, ,1355  1510, , 
38,B,THU,10CS,G4,1,0, ,briefing,0850  0955, , 
38,B,THU,10CS,G4,2,0,*, ,0955  1100, , 
38,B,THU,PPA,-,3,0, , ,1100  1220, , 
38,B,THU,9Y1.CS,B8,4,0,*, ,1220  1355, ,12:20
38,B,THU,7Y1.CS,B8,5,0,*, ,1355  1510, , 
38,B,FRI,7X2.Ph,B6,1,0, , ,0850  0955, , 
38,B,FRI,10T2,B8,2,0,*, ,0955  1100, , 
38,B,FRI,11C2,G4,3,0, , ,1100  1220,11:40, 
38,B,FRI,11CS,G4,4,0,*, ,1220  1355, ,13:25
38,B,FRI,11CS,G4,5,0, , ,1355  1510, , 
39,A,MON,10C3,B8,1,0, ,briefing,0850  0955, , 
39,A,MON,11T2,B8,2,0,*, ,0955  1100, , 
39,A,MON,7X1.Ph,B8,3,0,*, ,1100  1220,11:00, 
39,A,MON,PPA,-,4,0, , ,1220  1355, , 
39,A,MON,10CS,B8,5,0, , ,1355  1510, , 
39,A,TUE,10C3,B8,1,0, , ,0850  0955, , 
39,A,TUE,9Y1.CS,G4,2,0, , ,0955  1100, , 
39,A,TUE,11C2,B8,3,0, , ,1100  1220,11:40, 
39,A,TUE,11T2,G4,4,0, , ,1220  1355, ,13:25
39,A,TUE,8Y1.Ph,B8,5,0, , ,1355  1510, , 
39,A,WED,11C2,B8,1,0, , ,0850  0955, , 
39,A,WED,10T2,B5,2,0, , ,0955  1100, , 
39,A,WED,9Y2.Ph,B3,3,0, ,break duty,1100  1220,11:00, 
39,A,WED,11CS,G4,4,0, , ,1220  1355, ,13:25
39,A,WED,11CS,G4,5,0, , ,1355  1510, , 
39,A,THU,8Y1.Ph,B8,1,0, ,briefing,0850  0955, , 
39,A,THU,10C3,B8,2,0,*, ,0955  1100, , 
39,A,THU,10T2,B8,3,0, , ,1100  1220,11:20, 
39,A,THU,7Y1.Ph,B5,4,0, , ,1220  1355, ,12:20
39,A,THU,8X1.Ph,B3,5,0,*, ,1355  1510, , 
39,A,FRI,PPA,-,1,0, , ,0850  0955, , 
39,A,FRI,11T2,B8,2,0, , ,0955  1100, , 
39,A,FRI,PPA,-,3,0, , ,1100  1220, , 
39,A,FRI,10CS,G4,4,0, , ,1220  1355, ,12:50
39,A,FRI,10CS,G4,5,0, , ,1355  1510, , 
